---,entropy,std,dispersion,concreteness
max,332.55824528,1.1176,0.213705592556,5.0
min,140.771988031,0.58669,0.125608796342,1.45
median,242.98414133,0.882365,0.187389040606,4.77
